{
  "a": [
    0.0,
    0.0,
    0.0,
    0.0,
    0.0,
    0.0,
    0.0,
    0.0,
    0.0,
    0.0,
    0.0,
    0.0,
    0.0,
    0.0,
    0.0,
    0.0,
    0.0,
    0.0,
    0.0,
    0.0,
    0.0,
    0.0,
    0.0,
    0.0,
    0.0,
    0.0,
    0.0,
    0.0,
    0.0,
    0.0,
    0.0,
    0.0,
    0.0,
    0.0,
    0.0,
    0.0,
    0.0,
    0.0,
    0.0,
    0.0,
    0.0,
    0.0,
    0.0
  ],
  "a1": [
    [
      0.9256797134813685,
      0.0,
      0.3783081654538424
    ],
    [
      0.8832690194428838,
      0.0,
      0.46886654742304495
    ],
    [
      0.7785336724582935,
      0.0,
      0.6276028368710601
    ],
    [
      0.5623283345233194,
      0.0,
      0.826914048854069
    ],
    [
      0.20951842252172015,
      0.0,
      0.9778046996328101
    ],
    [
      -0.20951842252171965,
      0.0,
      0.9778046996328102
    ],
    [
      -0.5623283345233194,
      0.0,
      0.826914048854069
    ],
    [
      -0.7785336724582936,
      0.0,
      0.62760283687106
    ],
    [
      -0.8832690194428837,
      0.0,
      0.46886654742304523
    ],
    [
      -0.9256797134813685,
      0.0,
      0.3783081654538421
    ]
  ],
  "a2": [
    [
      0.0,
      -1.0000000000000002,
      0.0
    ],
    [
      0.0,
      -1.0,
      0.0
    ],
    [
      0.0,
      -1.0,
      0.0
    ],
    [
      0.0,
      -1.0,
      0.0
    ],
    [
      0.0,
      -1.0,
      0.0
    ],
    [
      0.0,
      -1.0,
      0.0
    ],
    [
      0.0,
      -1.0,
      0.0
    ],
    [
      0.0,
      -1.0,
      0.0
    ],
    [
      0.0,
      -0.9999999999999999,
      0.0
    ],
    [
      0.0,
      -1.0,
      0.0
    ]
  ],
  "free_dof": [
    3,
    4,
    5,
    6,
    7,
    8,
    9,
    10,
    11,
    12,
    13,
    14,
    15,
    16,
    17,
    18,
    19,
    20,
    21,
    22,
    23,
    24,
    25,
    26,
    27,
    28,
    29
  ],
  "m1": [
    [
      0.9256797134813685,
      0.0,
      0.3783081654538424
    ],
    [
      0.8832690194428838,
      0.0,
      0.46886654742304495
    ],
    [
      0.7785336724582935,
      0.0,
      0.6276028368710601
    ],
    [
      0.5623283345233194,
      0.0,
      0.826914048854069
    ],
    [
      0.20951842252172015,
      0.0,
      0.9778046996328101
    ],
    [
      -0.20951842252171965,
      0.0,
      0.9778046996328102
    ],
    [
      -0.5623283345233194,
      0.0,
      0.826914048854069
    ],
    [
      -0.7785336724582936,
      0.0,
      0.62760283687106
    ],
    [
      -0.8832690194428837,
      0.0,
      0.46886654742304523
    ],
    [
      -0.9256797134813685,
      0.0,
      0.3783081654538421
    ]
  ],
  "m2": [
    [
      0.0,
      -1.0000000000000002,
      0.0
    ],
    [
      0.0,
      -1.0,
      0.0
    ],
    [
      0.0,
      -1.0,
      0.0
    ],
    [
      0.0,
      -1.0,
      0.0
    ],
    [
      0.0,
      -1.0,
      0.0
    ],
    [
      0.0,
      -1.0,
      0.0
    ],
    [
      0.0,
      -1.0,
      0.0
    ],
    [
      0.0,
      -1.0,
      0.0
    ],
    [
      0.0,
      -0.9999999999999999,
      0.0
    ],
    [
      0.0,
      -1.0,
      0.0
    ]
  ],
  "q": [
    0.0,
    0.0,
    0.0,
    0.007311030203222753,
    0.0,
    -0.01788931078358814,
    0.015513439365540643,
    0.0,
    -0.03334132786113185,
    0.025386334039213736,
    0.0,
    -0.04558853341298915,
    0.037107574342750804,
    0.0,
    -0.053559356435732106,
    0.05,
    0.0,
    -0.05632187198428671,
    0.0628924256572492,
    0.0,
    -0.05355935643573211,
    0.07461366596078628,
    0.0,
    -0.04558853341298915,
    0.08448656063445936,
    0.0,
    -0.03334132786113186,
    0.09268896979677725,
    0.0,
    -0.017889310783588158,
    0.1,
    0.0,
    0.0,
    0.0,
    0.0,
    0.0,
    0.0,
    0.0,
    0.0,
    0.0,
    0.0,
    0.0,
    0.0
  ],
  "ref_twist": [
    0.0,
    0.0,
    0.0,
    0.0,
    0.0,
    0.0,
    0.0,
    0.0,
    0.0
  ],
  "tau": [],
  "u": [
    0.0,
    0.0,
    0.0,
    0.0,
    0.0,
    0.0,
    0.0,
    0.0,
    0.0,
    0.0,
    0.0,
    0.0,
    0.0,
    0.0,
    0.0,
    0.0,
    0.0,
    0.0,
    0.0,
    0.0,
    0.0,
    0.0,
    0.0,
    0.0,
    0.0,
    0.0,
    0.0,
    0.0,
    0.0,
    0.0,
    0.0,
    0.0,
    0.0,
    0.0,
    0.0,
    0.0,
    0.0,
    0.0,
    0.0,
    0.0,
    0.0,
    0.0,
    0.0
  ]
}