{
  "a": [
    0.0,
    0.0,
    0.0,
    0.0,
    0.0,
    0.0,
    0.0,
    0.0,
    0.0,
    0.0,
    0.0,
    0.0,
    0.0,
    0.0,
    0.0,
    0.0,
    0.0,
    0.0,
    0.0,
    0.0,
    0.0,
    0.0,
    0.0,
    0.0,
    0.0,
    0.0,
    0.0,
    0.0,
    0.0,
    0.0,
    0.0,
    0.0,
    0.0,
    0.0,
    0.0,
    0.0,
    0.0,
    0.0,
    0.0,
    0.0,
    0.0,
    0.0,
    0.0
  ],
  "a1": [
    [
      0.6918451389828861,
      0.0,
      0.7220459152060561
    ],
    [
      0.4402480613374715,
      0.0,
      0.8978761855003161
    ],
    [
      0.0,
      0.0,
      1.0
    ],
    [
      -0.44024806133747146,
      0.0,
      0.8978761855003161
    ],
    [
      -0.6918451389828861,
      0.0,
      0.722045915206056
    ],
    [
      -0.6918451389828861,
      0.0,
      0.722045915206056
    ],
    [
      -0.4402480613374717,
      0.0,
      0.897876185500316
    ],
    [
      0.0,
      0.0,
      1.0
    ],
    [
      0.4402480613374712,
      0.0,
      0.8978761855003162
    ],
    [
      0.6918451389828865,
      0.0,
      0.7220459152060558
    ]
  ],
  "a2": [
    [
      0.0,
      -1.0,
      0.0
    ],
    [
      0.0,
      -1.0000000000000002,
      0.0
    ],
    [
      0.0,
      -1.0,
      0.0
    ],
    [
      0.0,
      -1.0,
      0.0
    ],
    [
      0.0,
      -1.0,
      0.0
    ],
    [
      0.0,
      -1.0,
      0.0
    ],
    [
      0.0,
      -1.0,
      0.0
    ],
    [
      0.0,
      -1.0,
      0.0
    ],
    [
      0.0,
      -1.0,
      0.0
    ],
    [
      0.0,
      -1.0,
      0.0
    ]
  ],
  "free_dof": [
    3,
    4,
    5,
    6,
    7,
    8,
    9,
    10,
    11,
    12,
    13,
    14,
    15,
    16,
    17,
    18,
    19,
    20,
    21,
    22,
    23,
    24,
    25,
    26,
    27,
    28,
    29
  ],
  "m1": [
    [
      0.6918451389828861,
      0.0,
      0.7220459152060561
    ],
    [
      0.4402480613374715,
      0.0,
      0.8978761855003161
    ],
    [
      0.0,
      0.0,
      1.0
    ],
    [
      -0.44024806133747146,
      0.0,
      0.8978761855003161
    ],
    [
      -0.6918451389828861,
      0.0,
      0.722045915206056
    ],
    [
      -0.6918451389828861,
      0.0,
      0.722045915206056
    ],
    [
      -0.4402480613374717,
      0.0,
      0.897876185500316
    ],
    [
      0.0,
      0.0,
      1.0
    ],
    [
      0.4402480613374712,
      0.0,
      0.8978761855003162
    ],
    [
      0.6918451389828865,
      0.0,
      0.7220459152060558
    ]
  ],
  "m2": [
    [
      0.0,
      -1.0,
      0.0
    ],
    [
      0.0,
      -1.0000000000000002,
      0.0
    ],
    [
      0.0,
      -1.0,
      0.0
    ],
    [
      0.0,
      -1.0,
      0.0
    ],
    [
      0.0,
      -1.0,
      0.0
    ],
    [
      0.0,
      -1.0,
      0.0
    ],
    [
      0.0,
      -1.0,
      0.0
    ],
    [
      0.0,
      -1.0,
      0.0
    ],
    [
      0.0,
      -1.0,
      0.0
    ],
    [
      0.0,
      -1.0,
      0.0
    ]
  ],
  "q": [
    0.0,
    0.0,
    0.0,
    0.00948248034752895,
    0.0,
    -0.009085859771211995,
    0.01970722183681596,
    0.0,
    -0.014099271075608188,
    0.03029277816318404,
    0.0,
    -0.014099271075608188,
    0.04051751965247105,
    0.0,
    -0.009085859771211995,
    0.05,
    0.0,
    3.4321591999495246e-18,
    0.05948248034752895,
    0.0,
    0.009085859771211995,
    0.06970722183681596,
    0.0,
    0.014099271075608193,
    0.08029277816318404,
    0.0,
    0.014099271075608193,
    0.09051751965247105,
    0.0,
    0.009085859771212006,
    0.1,
    0.0,
    0.0,
    0.0,
    0.0,
    0.0,
    0.0,
    0.0,
    0.0,
    0.0,
    0.0,
    0.0,
    0.0
  ],
  "ref_twist": [
    0.0,
    0.0,
    0.0,
    0.0,
    0.0,
    0.0,
    0.0,
    0.0,
    0.0
  ],
  "tau": [],
  "u": [
    0.0,
    0.0,
    0.0,
    -0.0009762395045131989,
    0.0,
    -0.007571431508949719,
    -0.0004721723706017922,
    0.0,
    -0.011394522910138441,
    0.0004721723706017922,
    0.0,
    -0.011394522910138441,
    0.0009762395045131989,
    0.0,
    -0.007571431508949719,
    0.0,
    0.0,
    -1.0595204766005347e-16,
    -0.0009762395045131989,
    0.0,
    0.007571431508951454,
    -0.0004721723706052616,
    0.0,
    0.011394522910138441,
    0.0004721723706052616,
    0.0,
    0.011394522910138441,
    0.0009762395045131989,
    0.0,
    0.007571431508951454,
    0.0,
    0.0,
    0.0,
    0.0,
    0.0,
    0.0,
    0.0,
    0.0,
    0.0,
    0.0,
    0.0,
    0.0,
    0.0
  ]
}